Image filename,Energy mapping algorithm,Original mean energy,Standard resize mean energy,Seam carving mean energy,Original entropy,Strandard resize entropy,Seam carving entropy
camping.jpg,Sobel,56.934993489583334,57.18231901041667,59.016983072916666,7.0907886332378585,7.077307450013624,7.173551762504882
camping.jpg,Prewitt,56.934993489583334,57.18231901041667,58.92877994791667,7.0907886332378585,7.077307450013624,7.172692199114881
camping.jpg,Laplacian,56.934993489583334,57.18231901041667,59.90649479166667,7.0907886332378585,7.077307450013624,7.176638117712754
camping.jpg,Roberts,56.934993489583334,57.18231901041667,59.58791145833333,7.0907886332378585,7.077307450013624,7.170831201371694
camping.jpg,Canny,56.934993489583334,57.18231901041667,59.99195182291667,7.0907886332378585,7.077307450013624,7.264660631664079
camping.jpg,Fast_forward_energy,56.934993489583334,57.18231901041667,58.39125390625,7.0907886332378585,7.077307450013624,7.149403288070829
