Image filename;Energy mapping algorithm;Original entropy;Strandard resize entropy;Seam carving entropy
amalfi.jpg;Sobel;106.00545840793185;105.89241503841015;7.825621691098867;7.830047144679296;7.858583886768566
amalfi.jpg;Prewitt;106.00545840793185;105.89241503841015;7.825621691098867;7.830047144679296;7.858521710254748
amalfi.jpg;Laplacian;106.00545840793185;105.89241503841015;7.825621691098867;7.830047144679296;7.833837684919459
amalfi.jpg;Roberts;106.00545840793185;105.89241503841015;7.825621691098867;7.830047144679296;7.848444000835746
amalfi.jpg;Canny;106.00545840793185;105.89241503841015;7.825621691098867;7.830047144679296;7.869345924878023
amalfi.jpg;Forward_energy;106.00545840793185;105.89241503841015;7.825621691098867;7.830047144679296;7.854083771641766
