Image filename,Energy mapping algorithm,Original entropy,Seam carving entropy,Strandard resize entropy
amalfi.jpg,Sobel,7.825621691098867,7.858583886768566,7.830047144679296
amalfi.jpg,Prewitt,7.825621691098867,7.858521710254748,7.830047144679296
amalfi.jpg,Laplacian,7.825621691098867,7.833837684919459,7.830047144679296
amalfi.jpg,Roberts,7.825621691098867,7.848444000835746,7.830047144679296
amalfi.jpg,Canny,7.825621691098867,7.869345924878023,7.830047144679296
amalfi.jpg,Forward_energy,7.825621691098867,7.854083771641766,7.830047144679296
