Image filename,Energy mapping algorithm,Original mean energy,Seam carving mean energy,Standard resize mean energy
amalfi.jpg,Sobel,106.00545840793185,105.39244765572812,105.89241503841015
amalfi.jpg,Prewitt,106.00545840793185,105.41048242317969,105.89241503841015
amalfi.jpg,Laplacian,106.00545840793185,102.30683045779058,105.89241503841015
amalfi.jpg,Roberts,106.00545840793185,103.97489314566633,105.89241503841015
amalfi.jpg,Canny,106.00545840793185,111.4311989865147,105.89241503841015
amalfi.jpg,Forward_energy,106.00545840793185,104.94834134414663,105.89241503841015
