Image filename,Energy mapping algorithm,Original mean energy,Standard resize mean energy,Seam carving mean energy
amalfi.jpg,Sobel,106.00545840793185,105.89241503841015,105.39244765572812
amalfi.jpg,Prewitt,106.00545840793185,105.89241503841015,105.41048242317969
amalfi.jpg,Laplacian,106.00545840793185,105.89241503841015,102.30683045779058
amalfi.jpg,Roberts,106.00545840793185,105.89241503841015,103.97489314566633
amalfi.jpg,Canny,106.00545840793185,105.89241503841015,111.4311989865147
amalfi.jpg,Forward_energy,106.00545840793185,105.89241503841015,104.94834134414663
